customer_id,category,spend
0,Household,12.0
0,Snacks,3.5
1,Bakery,5.0
1,Produce,6.0
2,Frozen,8.0
2,Snacks,3.5
3,Frozen,8.0
4,Snacks,3.5
4,Dairy,4.0
5,Personal,9.0
5,Bakery,5.0
5,Produce,6.0
6,Household,12.0
7,Produce,6.0
7,Household,12.0
7,Snacks,3.5
8,Produce,6.0
8,Dairy,4.0
9,Beverages,4.5
9,Personal,9.0
10,Beverages,4.5
10,Electronics,60.0
10,Dairy,4.0
10,Produce,6.0
11,Electronics,60.0
12,Produce,6.0
13,Produce,6.0
13,Snacks,3.5
13,Personal,9.0
13,Bakery,5.0
14,Dairy,4.0
14,Beverages,4.5
14,Snacks,3.5
15,Dairy,4.0
15,Beverages,4.5
15,Household,12.0
16,Personal,9.0
17,Dairy,4.0
17,Personal,9.0
17,Beverages,4.5
18,Produce,6.0
19,Dairy,4.0
19,Electronics,60.0
19,Beverages,4.5
20,Beverages,4.5
20,Bakery,5.0
21,Frozen,8.0
23,Household,12.0
24,Snacks,3.5
24,Personal,9.0
25,Snacks,3.5
26,Dairy,4.0
26,Produce,6.0
27,Bakery,5.0
28,Snacks,3.5
28,Produce,6.0
28,Dairy,4.0
28,Bakery,5.0
28,Personal,9.0
29,Dairy,4.0
29,Snacks,3.5
30,Bakery,5.0
30,Household,12.0
31,Beverages,4.5
32,Dairy,4.0
33,Produce,6.0
33,Frozen,8.0
34,Frozen,8.0
34,Bakery,5.0
34,Electronics,60.0
35,Household,12.0
36,Beverages,4.5
36,Electronics,60.0
37,Dairy,4.0
37,Frozen,8.0
37,Bakery,5.0
37,Snacks,3.5
39,Household,12.0
40,Household,12.0
40,Frozen,8.0
41,Beverages,4.5
41,Produce,6.0
42,Household,12.0
42,Bakery,5.0
42,Personal,9.0
43,Dairy,4.0
44,Dairy,4.0
44,Personal,9.0
45,Frozen,8.0
45,Snacks,3.5
46,Dairy,4.0
46,Personal,9.0
46,Produce,6.0
46,Frozen,8.0
47,Electronics,60.0
47,Dairy,4.0
48,Produce,6.0
49,Electronics,60.0
49,Bakery,5.0
50,Dairy,4.0
50,Beverages,4.5
50,Personal,9.0
51,Dairy,4.0
51,Beverages,4.5
51,Household,12.0
52,Snacks,3.5
53,Produce,6.0
53,Snacks,3.5
53,Frozen,8.0
54,Household,12.0
54,Electronics,60.0
54,Dairy,4.0
55,Household,12.0
56,Frozen,8.0
56,Dairy,4.0
56,Snacks,3.5
57,Household,12.0
57,Produce,6.0
57,Snacks,3.5
58,Bakery,5.0
59,Snacks,3.5
59,Produce,6.0
59,Bakery,5.0
60,Produce,6.0
61,Snacks,3.5
61,Dairy,4.0
62,Household,12.0
63,Produce,6.0
64,Dairy,4.0
64,Personal,9.0
64,Beverages,4.5
66,Dairy,4.0
66,Produce,6.0
66,Snacks,3.5
67,Bakery,5.0
67,Personal,9.0
68,Snacks,3.5
68,Beverages,4.5
68,Bakery,5.0
69,Dairy,4.0
70,Beverages,4.5
70,Bakery,5.0
70,Electronics,60.0
71,Beverages,4.5
71,Personal,9.0
72,Frozen,8.0
72,Beverages,4.5
72,Household,12.0
73,Dairy,4.0
73,Personal,9.0
73,Produce,6.0
73,Bakery,5.0
74,Bakery,5.0
74,Household,12.0
74,Beverages,4.5
74,Personal,9.0
75,Household,12.0
75,Produce,6.0
77,Snacks,3.5
77,Dairy,4.0
77,Personal,9.0
78,Produce,6.0
78,Dairy,4.0
78,Bakery,5.0
79,Beverages,4.5
79,Snacks,3.5
79,Electronics,60.0
80,Personal,9.0
80,Dairy,4.0
81,Beverages,4.5
81,Personal,9.0
82,Personal,9.0
82,Dairy,4.0
82,Household,12.0
83,Bakery,5.0
83,Snacks,3.5
83,Household,12.0
84,Snacks,3.5
84,Frozen,8.0
84,Dairy,4.0
84,Produce,6.0
85,Produce,6.0
85,Dairy,4.0
85,Household,12.0
85,Beverages,4.5
86,Frozen,8.0
86,Personal,9.0
86,Produce,6.0
86,Household,12.0
87,Personal,9.0
87,Dairy,4.0
87,Frozen,8.0
87,Snacks,3.5
88,Bakery,5.0
89,Dairy,4.0
90,Dairy,4.0
90,Bakery,5.0
91,Snacks,3.5
91,Bakery,5.0
91,Personal,9.0
91,Frozen,8.0
92,Snacks,3.5
92,Household,12.0
92,Beverages,4.5
93,Bakery,5.0
93,Beverages,4.5
94,Snacks,3.5
95,Personal,9.0
96,Bakery,5.0
96,Personal,9.0
96,Produce,6.0
97,Bakery,5.0
98,Frozen,8.0
98,Personal,9.0
98,Dairy,4.0
99,Household,12.0
100,Beverages,4.5
100,Household,12.0
100,Electronics,60.0
100,Produce,6.0
100,Personal,9.0
101,Household,12.0
101,Dairy,4.0
101,Frozen,8.0
102,Household,12.0
103,Beverages,4.5
104,Produce,6.0
105,Household,12.0
105,Dairy,4.0
106,Household,12.0
106,Dairy,4.0
107,Household,12.0
108,Dairy,4.0
108,Produce,6.0
109,Household,12.0
109,Electronics,60.0
109,Dairy,4.0
109,Bakery,5.0
110,Bakery,5.0
110,Beverages,4.5
111,Personal,9.0
112,Produce,6.0
112,Beverages,4.5
113,Household,12.0
113,Snacks,3.5
113,Frozen,8.0
114,Snacks,3.5
114,Produce,6.0
114,Personal,9.0
114,Beverages,4.5
115,Snacks,3.5
115,Beverages,4.5
115,Frozen,8.0
115,Bakery,5.0
116,Dairy,4.0
116,Bakery,5.0
117,Dairy,4.0
118,Snacks,3.5
118,Produce,6.0
119,Snacks,3.5
119,Electronics,60.0
119,Dairy,4.0
119,Bakery,5.0
120,Electronics,60.0
120,Produce,6.0
121,Snacks,3.5
121,Electronics,60.0
121,Produce,6.0
122,Household,12.0
122,Produce,6.0
123,Household,12.0
125,Snacks,3.5
126,Snacks,3.5
126,Frozen,8.0
127,Dairy,4.0
128,Household,12.0
128,Produce,6.0
128,Bakery,5.0
129,Household,12.0
129,Snacks,3.5
129,Personal,9.0
130,Electronics,60.0
130,Personal,9.0
130,Snacks,3.5
131,Produce,6.0
131,Household,12.0
131,Personal,9.0
132,Electronics,60.0
133,Beverages,4.5
134,Personal,9.0
134,Produce,6.0
134,Beverages,4.5
134,Bakery,5.0
135,Household,12.0
135,Beverages,4.5
136,Electronics,60.0
136,Dairy,4.0
136,Produce,6.0
137,Snacks,3.5
138,Dairy,4.0
138,Personal,9.0
138,Snacks,3.5
138,Produce,6.0
139,Personal,9.0
139,Dairy,4.0
139,Produce,6.0
140,Electronics,60.0
140,Produce,6.0
141,Personal,9.0
141,Snacks,3.5
141,Dairy,4.0
142,Snacks,3.5
142,Bakery,5.0
142,Personal,9.0
143,Bakery,5.0
144,Snacks,3.5
145,Beverages,4.5
145,Bakery,5.0
145,Personal,9.0
146,Frozen,8.0
147,Personal,9.0
148,Electronics,60.0
148,Produce,6.0
149,Beverages,4.5
149,Dairy,4.0
149,Snacks,3.5
149,Electronics,60.0
150,Dairy,4.0
150,Bakery,5.0
151,Produce,6.0
151,Dairy,4.0
152,Beverages,4.5
152,Snacks,3.5
153,Snacks,3.5
153,Beverages,4.5
154,Household,12.0
154,Electronics,60.0
154,Bakery,5.0
154,Frozen,8.0
155,Personal,9.0
155,Snacks,3.5
155,Household,12.0
156,Beverages,4.5
156,Dairy,4.0
156,Frozen,8.0
157,Snacks,3.5
157,Household,12.0
158,Dairy,4.0
159,Produce,6.0
159,Snacks,3.5
160,Beverages,4.5
161,Beverages,4.5
161,Dairy,4.0
161,Produce,6.0
162,Electronics,60.0
163,Household,12.0
164,Frozen,8.0
164,Dairy,4.0
165,Beverages,4.5
165,Snacks,3.5
165,Produce,6.0
166,Dairy,4.0
167,Electronics,60.0
168,Snacks,3.5
168,Household,12.0
168,Produce,6.0
169,Household,12.0
169,Beverages,4.5
170,Dairy,4.0
170,Personal,9.0
170,Frozen,8.0
171,Frozen,8.0
171,Snacks,3.5
172,Frozen,8.0
172,Beverages,4.5
172,Household,12.0
172,Produce,6.0
172,Dairy,4.0
173,Household,12.0
173,Dairy,4.0
173,Snacks,3.5
174,Produce,6.0
174,Electronics,60.0
175,Beverages,4.5
175,Produce,6.0
175,Frozen,8.0
176,Bakery,5.0
176,Electronics,60.0
176,Produce,6.0
177,Dairy,4.0
177,Produce,6.0
178,Bakery,5.0
178,Personal,9.0
178,Beverages,4.5
179,Household,12.0
179,Produce,6.0
179,Beverages,4.5
179,Bakery,5.0
180,Bakery,5.0
180,Personal,9.0
181,Snacks,3.5
181,Household,12.0
182,Snacks,3.5
182,Dairy,4.0
183,Bakery,5.0
183,Household,12.0
184,Frozen,8.0
184,Bakery,5.0
184,Dairy,4.0
184,Personal,9.0
184,Beverages,4.5
184,Household,12.0
185,Produce,6.0
185,Snacks,3.5
185,Beverages,4.5
186,Personal,9.0
186,Produce,6.0
186,Electronics,60.0
187,Frozen,8.0
187,Snacks,3.5
187,Bakery,5.0
188,Electronics,60.0
189,Dairy,4.0
189,Produce,6.0
190,Personal,9.0
190,Dairy,4.0
191,Produce,6.0
191,Frozen,8.0
192,Dairy,4.0
192,Beverages,4.5
192,Snacks,3.5
193,Personal,9.0
193,Household,12.0
193,Snacks,3.5
194,Beverages,4.5
194,Household,12.0
195,Beverages,4.5
195,Dairy,4.0
195,Produce,6.0
196,Personal,9.0
196,Dairy,4.0
197,Beverages,4.5
197,Produce,6.0
197,Snacks,3.5
197,Bakery,5.0
198,Produce,6.0
198,Dairy,4.0
199,Personal,9.0
199,Beverages,4.5
200,Personal,9.0
201,Household,12.0
202,Household,12.0
202,Produce,6.0
203,Snacks,3.5
203,Dairy,4.0
205,Beverages,4.5
205,Electronics,60.0
205,Produce,6.0
206,Electronics,60.0
206,Snacks,3.5
206,Bakery,5.0
207,Produce,6.0
207,Personal,9.0
207,Bakery,5.0
208,Frozen,8.0
208,Beverages,4.5
208,Dairy,4.0
209,Dairy,4.0
209,Snacks,3.5
210,Bakery,5.0
210,Beverages,4.5
210,Snacks,3.5
210,Personal,9.0
211,Frozen,8.0
211,Produce,6.0
212,Produce,6.0
212,Frozen,8.0
212,Snacks,3.5
213,Dairy,4.0
213,Electronics,60.0
214,Household,12.0
214,Beverages,4.5
214,Produce,6.0
214,Dairy,4.0
215,Beverages,4.5
215,Bakery,5.0
215,Snacks,3.5
216,Beverages,4.5
216,Electronics,60.0
216,Produce,6.0
216,Snacks,3.5
217,Produce,6.0
217,Bakery,5.0
217,Snacks,3.5
218,Beverages,4.5
218,Dairy,4.0
219,Bakery,5.0
219,Produce,6.0
220,Frozen,8.0
220,Beverages,4.5
220,Produce,6.0
221,Bakery,5.0
221,Dairy,4.0
222,Dairy,4.0
223,Personal,9.0
223,Household,12.0
223,Frozen,8.0
224,Bakery,5.0
224,Produce,6.0
225,Snacks,3.5
226,Dairy,4.0
226,Household,12.0
226,Personal,9.0
227,Beverages,4.5
227,Dairy,4.0
228,Snacks,3.5
228,Dairy,4.0
230,Household,12.0
230,Beverages,4.5
230,Electronics,60.0
231,Dairy,4.0
231,Beverages,4.5
231,Household,12.0
232,Household,12.0
233,Frozen,8.0
233,Personal,9.0
234,Household,12.0
234,Beverages,4.5
234,Bakery,5.0
235,Snacks,3.5
237,Frozen,8.0
237,Produce,6.0
238,Snacks,3.5
238,Beverages,4.5
239,Electronics,60.0
239,Household,12.0
240,Bakery,5.0
240,Electronics,60.0
240,Produce,6.0
241,Electronics,60.0
242,Produce,6.0
243,Beverages,4.5
244,Household,12.0
245,Produce,6.0
245,Snacks,3.5
245,Personal,9.0
245,Dairy,4.0
246,Dairy,4.0
247,Personal,9.0
247,Produce,6.0
248,Personal,9.0
248,Produce,6.0
248,Frozen,8.0
249,Produce,6.0
250,Household,12.0
251,Household,12.0
251,Produce,6.0
251,Electronics,60.0
251,Frozen,8.0
252,Frozen,8.0
252,Dairy,4.0
252,Bakery,5.0
253,Personal,9.0
253,Produce,6.0
254,Produce,6.0
255,Beverages,4.5
256,Produce,6.0
256,Frozen,8.0
257,Household,12.0
258,Snacks,3.5
258,Frozen,8.0
259,Beverages,4.5
259,Personal,9.0
259,Electronics,60.0
259,Produce,6.0
259,Household,12.0
260,Electronics,60.0
261,Personal,9.0
261,Snacks,3.5
261,Produce,6.0
262,Snacks,3.5
262,Bakery,5.0
262,Electronics,60.0
263,Bakery,5.0
264,Frozen,8.0
264,Electronics,60.0
264,Household,12.0
265,Beverages,4.5
265,Snacks,3.5
267,Electronics,60.0
268,Personal,9.0
268,Produce,6.0
268,Dairy,4.0
268,Frozen,8.0
269,Household,12.0
269,Bakery,5.0
270,Electronics,60.0
271,Frozen,8.0
271,Beverages,4.5
271,Dairy,4.0
272,Dairy,4.0
272,Household,12.0
272,Beverages,4.5
273,Beverages,4.5
273,Snacks,3.5
274,Produce,6.0
275,Produce,6.0
276,Produce,6.0
277,Beverages,4.5
278,Frozen,8.0
278,Household,12.0
278,Beverages,4.5
278,Produce,6.0
278,Personal,9.0
279,Produce,6.0
279,Frozen,8.0
279,Electronics,60.0
279,Household,12.0
279,Beverages,4.5
280,Dairy,4.0
280,Beverages,4.5
280,Produce,6.0
282,Dairy,4.0
282,Produce,6.0
284,Snacks,3.5
284,Household,12.0
284,Produce,6.0
285,Produce,6.0
285,Household,12.0
285,Beverages,4.5
286,Household,12.0
286,Beverages,4.5
287,Personal,9.0
288,Produce,6.0
288,Personal,9.0
289,Produce,6.0
290,Dairy,4.0
290,Produce,6.0
291,Household,12.0
291,Frozen,8.0
292,Produce,6.0
293,Beverages,4.5
293,Dairy,4.0
294,Produce,6.0
294,Beverages,4.5
294,Bakery,5.0
295,Frozen,8.0
295,Snacks,3.5
295,Beverages,4.5
296,Beverages,4.5
296,Frozen,8.0
298,Produce,6.0
299,Household,12.0
300,Snacks,3.5
301,Produce,6.0
301,Personal,9.0
301,Dairy,4.0
302,Produce,6.0
303,Snacks,3.5
303,Bakery,5.0
303,Household,12.0
303,Beverages,4.5
304,Frozen,8.0
305,Personal,9.0
306,Household,12.0
306,Snacks,3.5
306,Electronics,60.0
306,Produce,6.0
307,Beverages,4.5
308,Snacks,3.5
308,Household,12.0
309,Frozen,8.0
309,Electronics,60.0
309,Produce,6.0
309,Household,12.0
309,Bakery,5.0
310,Dairy,4.0
310,Household,12.0
310,Personal,9.0
311,Personal,9.0
311,Bakery,5.0
311,Dairy,4.0
311,Produce,6.0
311,Snacks,3.5
312,Electronics,60.0
312,Frozen,8.0
312,Household,12.0
312,Beverages,4.5
313,Electronics,60.0
313,Produce,6.0
313,Snacks,3.5
313,Personal,9.0
313,Dairy,4.0
314,Dairy,4.0
314,Beverages,4.5
314,Bakery,5.0
315,Produce,6.0
315,Beverages,4.5
316,Snacks,3.5
316,Beverages,4.5
316,Produce,6.0
316,Dairy,4.0
318,Electronics,60.0
318,Household,12.0
319,Frozen,8.0
319,Snacks,3.5
320,Frozen,8.0
321,Beverages,4.5
321,Frozen,8.0
321,Personal,9.0
321,Produce,6.0
321,Snacks,3.5
322,Beverages,4.5
323,Household,12.0
323,Beverages,4.5
323,Dairy,4.0
323,Frozen,8.0
324,Beverages,4.5
325,Dairy,4.0
325,Produce,6.0
325,Beverages,4.5
326,Snacks,3.5
326,Produce,6.0
327,Produce,6.0
327,Personal,9.0
328,Personal,9.0
328,Bakery,5.0
328,Electronics,60.0
329,Dairy,4.0
329,Bakery,5.0
329,Beverages,4.5
331,Personal,9.0
331,Electronics,60.0
332,Beverages,4.5
333,Produce,6.0
334,Produce,6.0
335,Personal,9.0
335,Beverages,4.5
335,Produce,6.0
336,Frozen,8.0
336,Household,12.0
337,Personal,9.0
337,Household,12.0
338,Bakery,5.0
338,Dairy,4.0
338,Household,12.0
338,Produce,6.0
339,Bakery,5.0
339,Produce,6.0
340,Produce,6.0
340,Snacks,3.5
340,Electronics,60.0
340,Household,12.0
340,Beverages,4.5
341,Dairy,4.0
341,Household,12.0
342,Household,12.0
342,Snacks,3.5
342,Electronics,60.0
343,Household,12.0
344,Bakery,5.0
344,Dairy,4.0
345,Frozen,8.0
345,Personal,9.0
346,Produce,6.0
346,Beverages,4.5
346,Household,12.0
347,Bakery,5.0
347,Beverages,4.5
348,Bakery,5.0
349,Household,12.0
349,Snacks,3.5
350,Snacks,3.5
350,Dairy,4.0
351,Beverages,4.5
352,Personal,9.0
352,Electronics,60.0
352,Dairy,4.0
352,Frozen,8.0
352,Produce,6.0
353,Bakery,5.0
353,Beverages,4.5
353,Dairy,4.0
353,Household,12.0
354,Frozen,8.0
354,Household,12.0
354,Bakery,5.0
354,Beverages,4.5
356,Bakery,5.0
356,Household,12.0
357,Frozen,8.0
358,Dairy,4.0
359,Dairy,4.0
359,Household,12.0
359,Electronics,60.0
360,Personal,9.0
360,Beverages,4.5
360,Electronics,60.0
360,Snacks,3.5
361,Produce,6.0
361,Personal,9.0
361,Dairy,4.0
361,Electronics,60.0
362,Produce,6.0
362,Bakery,5.0
362,Snacks,3.5
363,Dairy,4.0
363,Produce,6.0
364,Dairy,4.0
365,Household,12.0
365,Beverages,4.5
365,Produce,6.0
366,Household,12.0
367,Produce,6.0
367,Bakery,5.0
367,Dairy,4.0
368,Frozen,8.0
368,Household,12.0
369,Beverages,4.5
369,Dairy,4.0
370,Bakery,5.0
370,Dairy,4.0
371,Personal,9.0
371,Frozen,8.0
372,Electronics,60.0
372,Dairy,4.0
372,Bakery,5.0
372,Household,12.0
373,Dairy,4.0
373,Produce,6.0
374,Frozen,8.0
374,Produce,6.0
375,Frozen,8.0
375,Dairy,4.0
376,Electronics,60.0
377,Snacks,3.5
377,Produce,6.0
377,Household,12.0
378,Bakery,5.0
379,Personal,9.0
379,Household,12.0
380,Electronics,60.0
381,Snacks,3.5
382,Beverages,4.5
382,Produce,6.0
383,Produce,6.0
383,Personal,9.0
384,Frozen,8.0
384,Beverages,4.5
384,Bakery,5.0
384,Produce,6.0
385,Bakery,5.0
386,Snacks,3.5
386,Household,12.0
386,Dairy,4.0
387,Produce,6.0
387,Dairy,4.0
387,Frozen,8.0
388,Dairy,4.0
389,Snacks,3.5
390,Beverages,4.5
390,Produce,6.0
391,Snacks,3.5
392,Electronics,60.0
393,Household,12.0
393,Dairy,4.0
394,Dairy,4.0
395,Bakery,5.0
396,Beverages,4.5
397,Personal,9.0
397,Electronics,60.0
398,Dairy,4.0
399,Produce,6.0
399,Frozen,8.0
400,Electronics,60.0
400,Bakery,5.0
400,Household,12.0
401,Dairy,4.0
401,Household,12.0
402,Dairy,4.0
402,Electronics,60.0
402,Frozen,8.0
402,Snacks,3.5
402,Produce,6.0
403,Produce,6.0
403,Dairy,4.0
403,Beverages,4.5
403,Household,12.0
404,Bakery,5.0
404,Electronics,60.0
404,Beverages,4.5
405,Frozen,8.0
405,Dairy,4.0
405,Snacks,3.5
406,Bakery,5.0
406,Frozen,8.0
407,Personal,9.0
407,Frozen,8.0
407,Snacks,3.5
407,Produce,6.0
407,Electronics,60.0
408,Household,12.0
408,Personal,9.0
408,Beverages,4.5
408,Snacks,3.5
409,Frozen,8.0
409,Dairy,4.0
410,Produce,6.0
410,Snacks,3.5
411,Personal,9.0
412,Dairy,4.0
412,Produce,6.0
412,Bakery,5.0
412,Snacks,3.5
413,Frozen,8.0
413,Beverages,4.5
413,Dairy,4.0
414,Snacks,3.5
415,Frozen,8.0
416,Snacks,3.5
416,Personal,9.0
417,Produce,6.0
418,Household,12.0
419,Electronics,60.0
419,Bakery,5.0
419,Frozen,8.0
419,Dairy,4.0
420,Personal,9.0
421,Beverages,4.5
421,Bakery,5.0
421,Produce,6.0
421,Snacks,3.5
422,Household,12.0
422,Personal,9.0
423,Bakery,5.0
423,Electronics,60.0
423,Dairy,4.0
424,Produce,6.0
424,Dairy,4.0
425,Beverages,4.5
426,Personal,9.0
426,Produce,6.0
427,Beverages,4.5
427,Produce,6.0
428,Dairy,4.0
428,Beverages,4.5
429,Snacks,3.5
429,Frozen,8.0
430,Bakery,5.0
430,Produce,6.0
431,Household,12.0
431,Personal,9.0
432,Frozen,8.0
432,Personal,9.0
433,Snacks,3.5
433,Dairy,4.0
433,Frozen,8.0
434,Produce,6.0
435,Personal,9.0
435,Beverages,4.5
435,Snacks,3.5
436,Electronics,60.0
436,Bakery,5.0
436,Personal,9.0
437,Produce,6.0
437,Dairy,4.0
438,Personal,9.0
438,Household,12.0
439,Bakery,5.0
439,Produce,6.0
440,Dairy,4.0
440,Electronics,60.0
440,Personal,9.0
440,Household,12.0
440,Beverages,4.5
442,Beverages,4.5
442,Electronics,60.0
442,Personal,9.0
442,Dairy,4.0
443,Personal,9.0
443,Produce,6.0
444,Household,12.0
445,Snacks,3.5
445,Dairy,4.0
445,Beverages,4.5
445,Bakery,5.0
445,Household,12.0
446,Produce,6.0
446,Dairy,4.0
447,Produce,6.0
448,Bakery,5.0
448,Electronics,60.0
448,Dairy,4.0
449,Frozen,8.0
449,Bakery,5.0
449,Beverages,4.5
450,Produce,6.0
450,Personal,9.0
450,Bakery,5.0
451,Electronics,60.0
451,Dairy,4.0
451,Personal,9.0
451,Beverages,4.5
452,Household,12.0
452,Dairy,4.0
453,Household,12.0
453,Bakery,5.0
454,Dairy,4.0
454,Beverages,4.5
455,Dairy,4.0
455,Produce,6.0
456,Personal,9.0
456,Electronics,60.0
457,Produce,6.0
457,Bakery,5.0
457,Beverages,4.5
458,Personal,9.0
458,Dairy,4.0
459,Produce,6.0
459,Dairy,4.0
460,Bakery,5.0
460,Electronics,60.0
460,Household,12.0
461,Snacks,3.5
461,Personal,9.0
461,Electronics,60.0
461,Produce,6.0
462,Snacks,3.5
462,Household,12.0
462,Personal,9.0
462,Produce,6.0
462,Electronics,60.0
462,Bakery,5.0
463,Snacks,3.5
463,Dairy,4.0
463,Beverages,4.5
464,Produce,6.0
464,Snacks,3.5
465,Dairy,4.0
466,Personal,9.0
466,Beverages,4.5
466,Bakery,5.0
468,Household,12.0
469,Personal,9.0
469,Dairy,4.0
469,Frozen,8.0
470,Produce,6.0
470,Household,12.0
471,Dairy,4.0
471,Produce,6.0
472,Bakery,5.0
472,Dairy,4.0
473,Household,12.0
473,Beverages,4.5
473,Personal,9.0
474,Bakery,5.0
474,Household,12.0
474,Snacks,3.5
474,Beverages,4.5
475,Beverages,4.5
475,Dairy,4.0
475,Produce,6.0
476,Frozen,8.0
476,Dairy,4.0
476,Household,12.0
477,Electronics,60.0
477,Beverages,4.5
478,Frozen,8.0
478,Dairy,4.0
478,Beverages,4.5
478,Produce,6.0
479,Dairy,4.0
479,Personal,9.0
480,Frozen,8.0
481,Household,12.0
482,Produce,6.0
482,Personal,9.0
483,Household,12.0
483,Dairy,4.0
484,Electronics,60.0
484,Snacks,3.5
484,Dairy,4.0
484,Frozen,8.0
484,Bakery,5.0
485,Beverages,4.5
485,Dairy,4.0
486,Personal,9.0
487,Produce,6.0
488,Personal,9.0
488,Dairy,4.0
488,Beverages,4.5
490,Electronics,60.0
491,Produce,6.0
491,Bakery,5.0
492,Produce,6.0
493,Produce,6.0
493,Electronics,60.0
494,Snacks,3.5
495,Personal,9.0
495,Bakery,5.0
495,Household,12.0
496,Dairy,4.0
497,Beverages,4.5
498,Dairy,4.0
499,Snacks,3.5
499,Produce,6.0
500,Personal,9.0
501,Snacks,3.5
502,Produce,6.0
503,Beverages,4.5
504,Household,12.0
505,Electronics,60.0
505,Bakery,5.0
506,Household,12.0
506,Beverages,4.5
508,Electronics,60.0
508,Produce,6.0
508,Bakery,5.0
509,Personal,9.0
510,Bakery,5.0
510,Produce,6.0
511,Frozen,8.0
512,Electronics,60.0
512,Beverages,4.5
512,Snacks,3.5
513,Household,12.0
513,Personal,9.0
513,Produce,6.0
514,Personal,9.0
514,Snacks,3.5
514,Produce,6.0
515,Frozen,8.0
515,Household,12.0
515,Bakery,5.0
516,Produce,6.0
517,Snacks,3.5
517,Personal,9.0
517,Beverages,4.5
518,Dairy,4.0
519,Produce,6.0
520,Frozen,8.0
520,Dairy,4.0
521,Snacks,3.5
522,Household,12.0
523,Beverages,4.5
523,Produce,6.0
524,Household,12.0
525,Household,12.0
525,Produce,6.0
525,Electronics,60.0
526,Electronics,60.0
527,Snacks,3.5
528,Produce,6.0
528,Bakery,5.0
529,Produce,6.0
530,Household,12.0
530,Personal,9.0
531,Dairy,4.0
531,Produce,6.0
531,Bakery,5.0
532,Bakery,5.0
532,Produce,6.0
532,Beverages,4.5
532,Snacks,3.5
533,Dairy,4.0
533,Household,12.0
534,Produce,6.0
534,Bakery,5.0
534,Snacks,3.5
534,Household,12.0
535,Electronics,60.0
537,Produce,6.0
537,Snacks,3.5
538,Frozen,8.0
539,Beverages,4.5
539,Electronics,60.0
539,Frozen,8.0
540,Bakery,5.0
540,Produce,6.0
541,Produce,6.0
541,Personal,9.0
542,Household,12.0
542,Produce,6.0
542,Beverages,4.5
543,Produce,6.0
543,Dairy,4.0
543,Frozen,8.0
544,Dairy,4.0
544,Produce,6.0
544,Frozen,8.0
545,Produce,6.0
545,Bakery,5.0
545,Household,12.0
546,Electronics,60.0
546,Beverages,4.5
547,Personal,9.0
547,Produce,6.0
547,Bakery,5.0
548,Produce,6.0
548,Beverages,4.5
549,Personal,9.0
549,Household,12.0
549,Dairy,4.0
550,Bakery,5.0
550,Beverages,4.5
551,Electronics,60.0
551,Bakery,5.0
551,Snacks,3.5
551,Beverages,4.5
552,Bakery,5.0
553,Household,12.0
553,Electronics,60.0
554,Dairy,4.0
555,Personal,9.0
555,Household,12.0
555,Produce,6.0
555,Bakery,5.0
556,Bakery,5.0
556,Beverages,4.5
557,Produce,6.0
558,Bakery,5.0
558,Household,12.0
558,Produce,6.0
558,Beverages,4.5
558,Personal,9.0
559,Bakery,5.0
559,Produce,6.0
559,Personal,9.0
560,Produce,6.0
560,Bakery,5.0
561,Produce,6.0
561,Household,12.0
561,Personal,9.0
561,Bakery,5.0
562,Household,12.0
562,Dairy,4.0
563,Household,12.0
563,Produce,6.0
563,Bakery,5.0
564,Snacks,3.5
564,Produce,6.0
565,Dairy,4.0
565,Snacks,3.5
565,Personal,9.0
567,Snacks,3.5
568,Household,12.0
568,Produce,6.0
568,Personal,9.0
569,Household,12.0
569,Beverages,4.5
570,Bakery,5.0
570,Dairy,4.0
570,Produce,6.0
571,Dairy,4.0
571,Beverages,4.5
571,Household,12.0
572,Personal,9.0
572,Dairy,4.0
574,Beverages,4.5
575,Beverages,4.5
575,Bakery,5.0
575,Personal,9.0
576,Household,12.0
576,Bakery,5.0
576,Produce,6.0
577,Produce,6.0
577,Dairy,4.0
578,Produce,6.0
578,Frozen,8.0
579,Produce,6.0
579,Dairy,4.0
579,Household,12.0
580,Produce,6.0
580,Household,12.0
581,Electronics,60.0
581,Frozen,8.0
582,Electronics,60.0
582,Dairy,4.0
582,Snacks,3.5
583,Dairy,4.0
584,Bakery,5.0
585,Personal,9.0
585,Frozen,8.0
586,Electronics,60.0
586,Bakery,5.0
587,Bakery,5.0
587,Dairy,4.0
588,Produce,6.0
589,Bakery,5.0
590,Produce,6.0
590,Personal,9.0
591,Produce,6.0
591,Snacks,3.5
592,Household,12.0
592,Personal,9.0
592,Produce,6.0
592,Dairy,4.0
592,Beverages,4.5
593,Produce,6.0
593,Dairy,4.0
594,Bakery,5.0
595,Personal,9.0
595,Produce,6.0
595,Bakery,5.0
595,Dairy,4.0
595,Electronics,60.0
596,Personal,9.0
597,Produce,6.0
598,Personal,9.0
598,Produce,6.0
598,Frozen,8.0
599,Frozen,8.0
599,Produce,6.0
600,Electronics,60.0
600,Dairy,4.0
600,Produce,6.0
600,Snacks,3.5
601,Frozen,8.0
602,Snacks,3.5
603,Frozen,8.0
603,Produce,6.0
603,Dairy,4.0
603,Household,12.0
604,Bakery,5.0
604,Dairy,4.0
605,Produce,6.0
605,Dairy,4.0
605,Household,12.0
606,Household,12.0
607,Dairy,4.0
607,Household,12.0
607,Produce,6.0
608,Snacks,3.5
608,Produce,6.0
608,Dairy,4.0
609,Bakery,5.0
609,Produce,6.0
609,Personal,9.0
610,Beverages,4.5
611,Frozen,8.0
611,Personal,9.0
611,Produce,6.0
612,Snacks,3.5
613,Frozen,8.0
613,Dairy,4.0
613,Household,12.0
614,Dairy,4.0
614,Beverages,4.5
615,Frozen,8.0
615,Snacks,3.5
615,Dairy,4.0
616,Beverages,4.5
616,Dairy,4.0
616,Bakery,5.0
617,Beverages,4.5
618,Produce,6.0
618,Household,12.0
618,Personal,9.0
619,Personal,9.0
619,Produce,6.0
619,Frozen,8.0
620,Dairy,4.0
621,Electronics,60.0
622,Electronics,60.0
622,Dairy,4.0
622,Snacks,3.5
623,Produce,6.0
623,Dairy,4.0
623,Household,12.0
624,Snacks,3.5
625,Household,12.0
625,Frozen,8.0
625,Beverages,4.5
626,Household,12.0
626,Produce,6.0
627,Beverages,4.5
627,Produce,6.0
627,Electronics,60.0
627,Bakery,5.0
627,Dairy,4.0
628,Dairy,4.0
628,Household,12.0
629,Beverages,4.5
629,Produce,6.0
629,Snacks,3.5
630,Dairy,4.0
630,Produce,6.0
631,Beverages,4.5
631,Household,12.0
632,Frozen,8.0
632,Bakery,5.0
633,Dairy,4.0
633,Beverages,4.5
633,Electronics,60.0
634,Beverages,4.5
634,Dairy,4.0
635,Produce,6.0
635,Snacks,3.5
636,Produce,6.0
636,Snacks,3.5
637,Frozen,8.0
638,Beverages,4.5
638,Produce,6.0
639,Household,12.0
639,Snacks,3.5
639,Dairy,4.0
639,Beverages,4.5
640,Household,12.0
641,Dairy,4.0
642,Personal,9.0
643,Electronics,60.0
643,Household,12.0
643,Frozen,8.0
644,Snacks,3.5
645,Bakery,5.0
645,Personal,9.0
645,Electronics,60.0
646,Bakery,5.0
646,Dairy,4.0
647,Dairy,4.0
647,Frozen,8.0
647,Produce,6.0
648,Dairy,4.0
649,Personal,9.0
649,Electronics,60.0
650,Produce,6.0
650,Personal,9.0
650,Electronics,60.0
650,Bakery,5.0
651,Personal,9.0
651,Household,12.0
652,Electronics,60.0
653,Frozen,8.0
653,Dairy,4.0
653,Bakery,5.0
654,Beverages,4.5
654,Dairy,4.0
654,Household,12.0
654,Personal,9.0
655,Dairy,4.0
655,Snacks,3.5
656,Personal,9.0
656,Electronics,60.0
657,Produce,6.0
657,Beverages,4.5
658,Produce,6.0
660,Produce,6.0
660,Electronics,60.0
661,Dairy,4.0
661,Produce,6.0
661,Frozen,8.0
661,Personal,9.0
663,Electronics,60.0
663,Dairy,4.0
663,Beverages,4.5
663,Personal,9.0
663,Household,12.0
663,Produce,6.0
664,Beverages,4.5
665,Produce,6.0
666,Personal,9.0
666,Bakery,5.0
667,Frozen,8.0
667,Bakery,5.0
668,Beverages,4.5
669,Household,12.0
669,Bakery,5.0
670,Beverages,4.5
670,Dairy,4.0
671,Frozen,8.0
672,Beverages,4.5
672,Produce,6.0
673,Beverages,4.5
673,Produce,6.0
673,Household,12.0
673,Electronics,60.0
674,Beverages,4.5
674,Dairy,4.0
675,Electronics,60.0
675,Bakery,5.0
676,Electronics,60.0
676,Household,12.0
676,Beverages,4.5
677,Household,12.0
678,Dairy,4.0
678,Beverages,4.5
679,Produce,6.0
680,Produce,6.0
681,Electronics,60.0
681,Frozen,8.0
681,Snacks,3.5
682,Household,12.0
682,Bakery,5.0
683,Frozen,8.0
684,Produce,6.0
684,Dairy,4.0
685,Frozen,8.0
686,Household,12.0
687,Snacks,3.5
687,Beverages,4.5
688,Household,12.0
689,Produce,6.0
690,Dairy,4.0
691,Produce,6.0
692,Household,12.0
693,Snacks,3.5
694,Produce,6.0
694,Personal,9.0
696,Electronics,60.0
697,Dairy,4.0
697,Household,12.0
698,Beverages,4.5
699,Beverages,4.5
699,Produce,6.0
700,Dairy,4.0
700,Beverages,4.5
701,Personal,9.0
701,Household,12.0
701,Bakery,5.0
702,Bakery,5.0
702,Beverages,4.5
703,Electronics,60.0
703,Household,12.0
703,Dairy,4.0
703,Personal,9.0
703,Produce,6.0
704,Personal,9.0
704,Snacks,3.5
704,Produce,6.0
705,Dairy,4.0
705,Bakery,5.0
706,Dairy,4.0
706,Produce,6.0
706,Beverages,4.5
706,Personal,9.0
707,Beverages,4.5
707,Electronics,60.0
707,Bakery,5.0
707,Dairy,4.0
707,Produce,6.0
708,Dairy,4.0
708,Frozen,8.0
709,Produce,6.0
710,Produce,6.0
710,Dairy,4.0
710,Household,12.0
711,Personal,9.0
711,Snacks,3.5
711,Bakery,5.0
712,Personal,9.0
712,Household,12.0
712,Frozen,8.0
713,Electronics,60.0
713,Frozen,8.0
713,Bakery,5.0
714,Snacks,3.5
714,Bakery,5.0
715,Personal,9.0
715,Frozen,8.0
716,Household,12.0
716,Produce,6.0
716,Dairy,4.0
716,Beverages,4.5
717,Snacks,3.5
717,Frozen,8.0
718,Frozen,8.0
719,Frozen,8.0
720,Electronics,60.0
720,Bakery,5.0
720,Frozen,8.0
720,Dairy,4.0
721,Frozen,8.0
722,Produce,6.0
722,Beverages,4.5
722,Dairy,4.0
723,Produce,6.0
724,Personal,9.0
724,Bakery,5.0
724,Frozen,8.0
725,Snacks,3.5
725,Dairy,4.0
725,Personal,9.0
726,Household,12.0
726,Beverages,4.5
727,Bakery,5.0
727,Personal,9.0
728,Beverages,4.5
728,Dairy,4.0
728,Produce,6.0
728,Household,12.0
729,Snacks,3.5
730,Dairy,4.0
731,Electronics,60.0
732,Frozen,8.0
732,Beverages,4.5
733,Snacks,3.5
733,Dairy,4.0
733,Household,12.0
734,Dairy,4.0
734,Electronics,60.0
734,Bakery,5.0
735,Frozen,8.0
735,Dairy,4.0
736,Electronics,60.0
736,Household,12.0
736,Snacks,3.5
736,Beverages,4.5
736,Produce,6.0
737,Frozen,8.0
737,Bakery,5.0
738,Dairy,4.0
738,Bakery,5.0
739,Produce,6.0
740,Produce,6.0
741,Household,12.0
741,Produce,6.0
742,Beverages,4.5
742,Electronics,60.0
742,Personal,9.0
743,Produce,6.0
744,Beverages,4.5
744,Household,12.0
745,Snacks,3.5
746,Bakery,5.0
746,Produce,6.0
747,Household,12.0
747,Dairy,4.0
747,Bakery,5.0
747,Electronics,60.0
747,Snacks,3.5
747,Frozen,8.0
748,Snacks,3.5
748,Electronics,60.0
749,Snacks,3.5
749,Electronics,60.0
749,Dairy,4.0
749,Frozen,8.0
750,Produce,6.0
750,Bakery,5.0
751,Bakery,5.0
751,Produce,6.0
752,Produce,6.0
753,Bakery,5.0
753,Household,12.0
753,Beverages,4.5
754,Produce,6.0
755,Dairy,4.0
756,Beverages,4.5
756,Household,12.0
756,Personal,9.0
756,Frozen,8.0
758,Household,12.0
758,Beverages,4.5
758,Dairy,4.0
758,Electronics,60.0
759,Personal,9.0
760,Personal,9.0
760,Snacks,3.5
760,Dairy,4.0
760,Household,12.0
761,Beverages,4.5
761,Frozen,8.0
762,Bakery,5.0
763,Snacks,3.5
763,Produce,6.0
763,Beverages,4.5
764,Beverages,4.5
765,Beverages,4.5
765,Personal,9.0
766,Personal,9.0
767,Dairy,4.0
767,Bakery,5.0
768,Bakery,5.0
769,Beverages,4.5
770,Dairy,4.0
771,Produce,6.0
772,Beverages,4.5
772,Produce,6.0
773,Produce,6.0
774,Beverages,4.5
774,Dairy,4.0
774,Snacks,3.5
774,Electronics,60.0
774,Produce,6.0
774,Personal,9.0
775,Snacks,3.5
776,Electronics,60.0
776,Dairy,4.0
776,Frozen,8.0
776,Bakery,5.0
776,Household,12.0
777,Produce,6.0
777,Frozen,8.0
777,Snacks,3.5
778,Dairy,4.0
779,Household,12.0
780,Dairy,4.0
780,Bakery,5.0
781,Bakery,5.0
782,Electronics,60.0
782,Bakery,5.0
782,Produce,6.0
783,Household,12.0
784,Personal,9.0
784,Produce,6.0
784,Household,12.0
785,Personal,9.0
785,Frozen,8.0
786,Dairy,4.0
786,Produce,6.0
787,Household,12.0
787,Beverages,4.5
788,Electronics,60.0
788,Household,12.0
788,Produce,6.0
788,Personal,9.0
788,Beverages,4.5
788,Bakery,5.0
789,Bakery,5.0
790,Dairy,4.0
790,Produce,6.0
791,Household,12.0
792,Personal,9.0
793,Snacks,3.5
793,Electronics,60.0
794,Personal,9.0
794,Beverages,4.5
795,Beverages,4.5
795,Frozen,8.0
796,Dairy,4.0
796,Beverages,4.5
798,Dairy,4.0
798,Snacks,3.5
798,Electronics,60.0
798,Beverages,4.5
799,Household,12.0
800,Household,12.0
801,Electronics,60.0
801,Dairy,4.0
802,Beverages,4.5
802,Personal,9.0
802,Bakery,5.0
802,Produce,6.0
803,Dairy,4.0
804,Produce,6.0
805,Beverages,4.5
805,Snacks,3.5
805,Electronics,60.0
806,Dairy,4.0
807,Household,12.0
808,Household,12.0
808,Beverages,4.5
809,Dairy,4.0
809,Household,12.0
809,Beverages,4.5
810,Produce,6.0
810,Bakery,5.0
810,Electronics,60.0
811,Produce,6.0
811,Snacks,3.5
811,Frozen,8.0
812,Personal,9.0
812,Produce,6.0
813,Dairy,4.0
814,Household,12.0
814,Dairy,4.0
814,Produce,6.0
815,Produce,6.0
815,Dairy,4.0
815,Bakery,5.0
815,Beverages,4.5
816,Produce,6.0
816,Dairy,4.0
816,Bakery,5.0
817,Bakery,5.0
818,Electronics,60.0
818,Snacks,3.5
818,Personal,9.0
819,Beverages,4.5
819,Dairy,4.0
820,Bakery,5.0
820,Electronics,60.0
820,Snacks,3.5
822,Personal,9.0
823,Produce,6.0
823,Electronics,60.0
823,Personal,9.0
824,Beverages,4.5
824,Produce,6.0
824,Dairy,4.0
825,Snacks,3.5
826,Bakery,5.0
827,Dairy,4.0
827,Bakery,5.0
828,Frozen,8.0
829,Bakery,5.0
829,Snacks,3.5
830,Produce,6.0
830,Snacks,3.5
831,Beverages,4.5
831,Personal,9.0
831,Dairy,4.0
832,Snacks,3.5
832,Bakery,5.0
832,Frozen,8.0
832,Dairy,4.0
833,Household,12.0
833,Bakery,5.0
834,Personal,9.0
834,Produce,6.0
835,Beverages,4.5
836,Produce,6.0
836,Snacks,3.5
836,Dairy,4.0
836,Beverages,4.5
837,Beverages,4.5
837,Snacks,3.5
838,Dairy,4.0
838,Beverages,4.5
838,Bakery,5.0
839,Snacks,3.5
840,Electronics,60.0
840,Snacks,3.5
840,Dairy,4.0
840,Frozen,8.0
840,Beverages,4.5
841,Frozen,8.0
842,Dairy,4.0
842,Produce,6.0
843,Electronics,60.0
843,Household,12.0
844,Beverages,4.5
844,Produce,6.0
844,Frozen,8.0
844,Personal,9.0
845,Snacks,3.5
845,Frozen,8.0
846,Dairy,4.0
846,Electronics,60.0
846,Bakery,5.0
847,Bakery,5.0
847,Household,12.0
848,Snacks,3.5
848,Produce,6.0
849,Snacks,3.5
850,Household,12.0
850,Personal,9.0
851,Dairy,4.0
851,Beverages,4.5
851,Bakery,5.0
853,Beverages,4.5
853,Bakery,5.0
853,Personal,9.0
854,Personal,9.0
854,Frozen,8.0
854,Dairy,4.0
855,Dairy,4.0
855,Produce,6.0
856,Household,12.0
856,Produce,6.0
857,Produce,6.0
857,Personal,9.0
858,Snacks,3.5
858,Produce,6.0
858,Household,12.0
858,Personal,9.0
858,Dairy,4.0
859,Snacks,3.5
860,Household,12.0
861,Produce,6.0
861,Household,12.0
861,Bakery,5.0
862,Dairy,4.0
863,Personal,9.0
863,Produce,6.0
864,Dairy,4.0
865,Beverages,4.5
865,Personal,9.0
865,Dairy,4.0
866,Household,12.0
867,Household,12.0
867,Dairy,4.0
867,Beverages,4.5
868,Bakery,5.0
868,Produce,6.0
868,Snacks,3.5
869,Bakery,5.0
869,Frozen,8.0
870,Household,12.0
870,Bakery,5.0
871,Personal,9.0
872,Household,12.0
872,Beverages,4.5
873,Bakery,5.0
873,Beverages,4.5
874,Bakery,5.0
874,Household,12.0
874,Electronics,60.0
874,Frozen,8.0
875,Produce,6.0
875,Frozen,8.0
875,Bakery,5.0
877,Household,12.0
877,Dairy,4.0
877,Personal,9.0
877,Produce,6.0
878,Dairy,4.0
878,Produce,6.0
879,Produce,6.0
879,Bakery,5.0
879,Personal,9.0
879,Household,12.0
879,Beverages,4.5
880,Personal,9.0
880,Beverages,4.5
881,Produce,6.0
881,Bakery,5.0
881,Household,12.0
882,Frozen,8.0
883,Personal,9.0
883,Bakery,5.0
883,Dairy,4.0
884,Dairy,4.0
885,Dairy,4.0
885,Frozen,8.0
885,Household,12.0
886,Beverages,4.5
886,Bakery,5.0
886,Electronics,60.0
886,Produce,6.0
887,Bakery,5.0
887,Snacks,3.5
888,Frozen,8.0
888,Dairy,4.0
888,Household,12.0
888,Personal,9.0
889,Produce,6.0
889,Bakery,5.0
890,Produce,6.0
890,Beverages,4.5
891,Electronics,60.0
892,Produce,6.0
893,Snacks,3.5
893,Household,12.0
894,Dairy,4.0
894,Personal,9.0
894,Produce,6.0
894,Electronics,60.0
895,Beverages,4.5
895,Snacks,3.5
895,Frozen,8.0
896,Dairy,4.0
896,Produce,6.0
896,Electronics,60.0
896,Bakery,5.0
897,Bakery,5.0
898,Dairy,4.0
898,Snacks,3.5
898,Beverages,4.5
898,Produce,6.0
899,Beverages,4.5
899,Bakery,5.0
899,Produce,6.0
900,Bakery,5.0
900,Frozen,8.0
901,Produce,6.0
901,Frozen,8.0
901,Household,12.0
902,Dairy,4.0
904,Snacks,3.5
904,Personal,9.0
904,Beverages,4.5
904,Produce,6.0
905,Snacks,3.5
906,Produce,6.0
906,Snacks,3.5
906,Beverages,4.5
907,Produce,6.0
907,Personal,9.0
907,Electronics,60.0
908,Electronics,60.0
909,Dairy,4.0
909,Personal,9.0
909,Bakery,5.0
910,Beverages,4.5
910,Electronics,60.0
910,Bakery,5.0
911,Electronics,60.0
911,Household,12.0
911,Beverages,4.5
911,Personal,9.0
912,Electronics,60.0
912,Dairy,4.0
912,Beverages,4.5
912,Household,12.0
912,Snacks,3.5
912,Produce,6.0
913,Household,12.0
913,Bakery,5.0
914,Frozen,8.0
915,Electronics,60.0
915,Personal,9.0
916,Dairy,4.0
917,Produce,6.0
917,Bakery,5.0
918,Beverages,4.5
918,Personal,9.0
919,Household,12.0
919,Beverages,4.5
919,Dairy,4.0
920,Beverages,4.5
920,Bakery,5.0
920,Snacks,3.5
921,Dairy,4.0
921,Electronics,60.0
922,Household,12.0
923,Electronics,60.0
923,Produce,6.0
923,Personal,9.0
923,Household,12.0
924,Beverages,4.5
924,Snacks,3.5
925,Produce,6.0
926,Electronics,60.0
926,Produce,6.0
927,Bakery,5.0
927,Dairy,4.0
927,Household,12.0
927,Electronics,60.0
928,Produce,6.0
929,Beverages,4.5
929,Electronics,60.0
929,Snacks,3.5
929,Produce,6.0
930,Produce,6.0
930,Dairy,4.0
930,Beverages,4.5
931,Bakery,5.0
931,Dairy,4.0
932,Bakery,5.0
932,Produce,6.0
933,Snacks,3.5
933,Bakery,5.0
934,Dairy,4.0
935,Dairy,4.0
935,Personal,9.0
935,Produce,6.0
936,Bakery,5.0
936,Snacks,3.5
937,Dairy,4.0
938,Electronics,60.0
938,Beverages,4.5
939,Dairy,4.0
939,Bakery,5.0
939,Snacks,3.5
940,Personal,9.0
941,Produce,6.0
941,Dairy,4.0
943,Bakery,5.0
944,Personal,9.0
945,Electronics,60.0
946,Bakery,5.0
946,Produce,6.0
946,Beverages,4.5
947,Household,12.0
948,Electronics,60.0
949,Personal,9.0
949,Household,12.0
950,Dairy,4.0
950,Beverages,4.5
951,Snacks,3.5
951,Beverages,4.5
951,Household,12.0
952,Produce,6.0
953,Snacks,3.5
953,Frozen,8.0
953,Produce,6.0
953,Dairy,4.0
954,Dairy,4.0
955,Beverages,4.5
955,Dairy,4.0
956,Produce,6.0
957,Personal,9.0
959,Snacks,3.5
959,Household,12.0
959,Electronics,60.0
959,Dairy,4.0
960,Produce,6.0
960,Dairy,4.0
961,Dairy,4.0
961,Snacks,3.5
962,Household,12.0
962,Dairy,4.0
962,Personal,9.0
963,Bakery,5.0
964,Frozen,8.0
964,Household,12.0
964,Dairy,4.0
964,Beverages,4.5
964,Snacks,3.5
965,Produce,6.0
965,Household,12.0
965,Personal,9.0
966,Electronics,60.0
966,Produce,6.0
968,Produce,6.0
968,Household,12.0
969,Electronics,60.0
969,Household,12.0
969,Personal,9.0
970,Produce,6.0
972,Electronics,60.0
972,Frozen,8.0
972,Snacks,3.5
972,Bakery,5.0
973,Household,12.0
973,Beverages,4.5
973,Produce,6.0
974,Frozen,8.0
974,Household,12.0
975,Produce,6.0
975,Household,12.0
975,Bakery,5.0
976,Personal,9.0
976,Frozen,8.0
976,Produce,6.0
976,Beverages,4.5
976,Dairy,4.0
977,Snacks,3.5
979,Bakery,5.0
979,Frozen,8.0
981,Household,12.0
981,Beverages,4.5
981,Bakery,5.0
983,Frozen,8.0
984,Produce,6.0
984,Personal,9.0
984,Dairy,4.0
985,Electronics,60.0
986,Beverages,4.5
986,Household,12.0
986,Produce,6.0
986,Frozen,8.0
987,Snacks,3.5
988,Beverages,4.5
988,Produce,6.0
988,Frozen,8.0
988,Electronics,60.0
988,Personal,9.0
988,Dairy,4.0
988,Bakery,5.0
989,Beverages,4.5
990,Household,12.0
991,Dairy,4.0
992,Produce,6.0
993,Household,12.0
993,Produce,6.0
993,Snacks,3.5
994,Produce,6.0
994,Beverages,4.5
995,Snacks,3.5
995,Personal,9.0
995,Frozen,8.0
995,Produce,6.0
996,Dairy,4.0
997,Snacks,3.5
998,Snacks,3.5
999,Frozen,8.0
999,Snacks,3.5
1000,Snacks,3.5
1000,Bakery,5.0
1001,Frozen,8.0
1001,Household,12.0
1001,Bakery,5.0
1001,Produce,6.0
1001,Dairy,4.0
1002,Snacks,3.5
1002,Dairy,4.0
1002,Produce,6.0
1003,Snacks,3.5
1004,Dairy,4.0
1005,Bakery,5.0
1006,Dairy,4.0
1006,Snacks,3.5
1007,Dairy,4.0
1007,Bakery,5.0
1007,Produce,6.0
1008,Produce,6.0
1008,Electronics,60.0
1009,Household,12.0
1009,Beverages,4.5
1009,Dairy,4.0
1010,Dairy,4.0
1010,Produce,6.0
1010,Personal,9.0
1010,Household,12.0
1011,Produce,6.0
1011,Beverages,4.5
1012,Dairy,4.0
1013,Household,12.0
1013,Personal,9.0
1014,Personal,9.0
1014,Dairy,4.0
1015,Snacks,3.5
1016,Produce,6.0
1016,Dairy,4.0
1016,Electronics,60.0
1017,Dairy,4.0
1018,Beverages,4.5
1019,Bakery,5.0
1019,Personal,9.0
1019,Produce,6.0
1020,Produce,6.0
1021,Dairy,4.0
1021,Electronics,60.0
1021,Frozen,8.0
1022,Dairy,4.0
1022,Household,12.0
1023,Beverages,4.5
1024,Personal,9.0
1025,Dairy,4.0
1025,Bakery,5.0
1025,Household,12.0
1026,Produce,6.0
1026,Electronics,60.0
1026,Beverages,4.5
1026,Personal,9.0
1027,Bakery,5.0
1027,Produce,6.0
1028,Bakery,5.0
1028,Electronics,60.0
1028,Household,12.0
1028,Produce,6.0
1028,Dairy,4.0
1029,Produce,6.0
1029,Electronics,60.0
1030,Produce,6.0
1030,Household,12.0
1031,Beverages,4.5
1031,Household,12.0
1032,Bakery,5.0
1032,Household,12.0
1033,Produce,6.0
1034,Dairy,4.0
1034,Personal,9.0
1035,Produce,6.0
1035,Beverages,4.5
1036,Produce,6.0
1036,Frozen,8.0
1036,Snacks,3.5
1036,Household,12.0
1037,Beverages,4.5
1037,Electronics,60.0
1038,Personal,9.0
1038,Dairy,4.0
1038,Frozen,8.0
1039,Household,12.0
1039,Electronics,60.0
1040,Snacks,3.5
1041,Personal,9.0
1041,Beverages,4.5
1042,Frozen,8.0
1042,Dairy,4.0
1042,Beverages,4.5
1042,Personal,9.0
1043,Household,12.0
1043,Dairy,4.0
1045,Produce,6.0
1046,Household,12.0
1046,Personal,9.0
1046,Produce,6.0
1047,Electronics,60.0
1048,Electronics,60.0
1048,Beverages,4.5
1048,Bakery,5.0
1049,Frozen,8.0
1050,Dairy,4.0
1050,Electronics,60.0
1050,Snacks,3.5
1051,Personal,9.0
1051,Snacks,3.5
1051,Household,12.0
1051,Bakery,5.0
1052,Dairy,4.0
1052,Bakery,5.0
1053,Produce,6.0
1054,Dairy,4.0
1054,Bakery,5.0
1054,Produce,6.0
1055,Household,12.0
1055,Beverages,4.5
1056,Frozen,8.0
1056,Produce,6.0
1056,Household,12.0
1056,Bakery,5.0
1057,Produce,6.0
1057,Beverages,4.5
1057,Household,12.0
1058,Bakery,5.0
1058,Household,12.0
1058,Produce,6.0
1058,Beverages,4.5
1059,Frozen,8.0
1060,Electronics,60.0
1060,Frozen,8.0
1061,Frozen,8.0
1061,Snacks,3.5
1061,Household,12.0
1062,Snacks,3.5
1063,Snacks,3.5
1064,Dairy,4.0
1065,Beverages,4.5
1065,Frozen,8.0
1066,Produce,6.0
1067,Produce,6.0
1067,Bakery,5.0
1067,Electronics,60.0
1067,Frozen,8.0
1067,Personal,9.0
1068,Dairy,4.0
1069,Personal,9.0
1069,Produce,6.0
1070,Produce,6.0
1070,Dairy,4.0
1072,Snacks,3.5
1073,Bakery,5.0
1074,Electronics,60.0
1074,Produce,6.0
1074,Dairy,4.0
1075,Frozen,8.0
1075,Personal,9.0
1075,Produce,6.0
1076,Beverages,4.5
1076,Personal,9.0
1077,Dairy,4.0
1077,Produce,6.0
1078,Snacks,3.5
1078,Beverages,4.5
1078,Dairy,4.0
1078,Personal,9.0
1079,Frozen,8.0
1079,Personal,9.0
1079,Household,12.0
1081,Electronics,60.0
1081,Personal,9.0
1081,Produce,6.0
1081,Bakery,5.0
1082,Produce,6.0
1082,Snacks,3.5
1083,Household,12.0
1085,Bakery,5.0
1086,Bakery,5.0
1086,Personal,9.0
1087,Personal,9.0
1087,Produce,6.0
1088,Personal,9.0
1089,Dairy,4.0
1089,Personal,9.0
1090,Frozen,8.0
1090,Snacks,3.5
1090,Household,12.0
1090,Personal,9.0
1091,Dairy,4.0
1091,Household,12.0
1091,Produce,6.0
1091,Bakery,5.0
1092,Produce,6.0
1092,Snacks,3.5
1092,Household,12.0
1093,Household,12.0
1093,Electronics,60.0
1093,Beverages,4.5
1094,Produce,6.0
1094,Household,12.0
1094,Personal,9.0
1095,Electronics,60.0
1096,Electronics,60.0
1097,Bakery,5.0
1097,Beverages,4.5
1098,Electronics,60.0
1098,Bakery,5.0
1098,Produce,6.0
1099,Produce,6.0
1100,Snacks,3.5
1101,Household,12.0
1101,Bakery,5.0
1101,Produce,6.0
1101,Dairy,4.0
1102,Snacks,3.5
1102,Electronics,60.0
1102,Personal,9.0
1102,Produce,6.0
1103,Personal,9.0
1103,Produce,6.0
1103,Beverages,4.5
1104,Household,12.0
1105,Frozen,8.0
1106,Beverages,4.5
1107,Produce,6.0
1108,Personal,9.0
1108,Produce,6.0
1108,Household,12.0
1109,Dairy,4.0
1109,Beverages,4.5
1110,Produce,6.0
1110,Dairy,4.0
1110,Bakery,5.0
1110,Snacks,3.5
1111,Produce,6.0
1112,Household,12.0
1112,Personal,9.0
1113,Bakery,5.0
1113,Personal,9.0
1113,Beverages,4.5
1114,Personal,9.0
1114,Dairy,4.0
1114,Bakery,5.0
1115,Electronics,60.0
1116,Beverages,4.5
1116,Produce,6.0
1117,Beverages,4.5
1117,Frozen,8.0
1117,Produce,6.0
1118,Frozen,8.0
1118,Produce,6.0
1119,Produce,6.0
1120,Personal,9.0
1121,Produce,6.0
1122,Bakery,5.0
1123,Household,12.0
1124,Household,12.0
1125,Snacks,3.5
1125,Produce,6.0
1126,Dairy,4.0
1127,Electronics,60.0
1127,Bakery,5.0
1127,Produce,6.0
1128,Beverages,4.5
1128,Dairy,4.0
1128,Electronics,60.0
1129,Personal,9.0
1130,Produce,6.0
1130,Dairy,4.0
1131,Bakery,5.0
1132,Produce,6.0
1133,Bakery,5.0
1133,Personal,9.0
1133,Electronics,60.0
1134,Beverages,4.5
1134,Electronics,60.0
1135,Electronics,60.0
1135,Produce,6.0
1135,Personal,9.0
1136,Electronics,60.0
1136,Produce,6.0
1136,Dairy,4.0
1137,Bakery,5.0
1137,Snacks,3.5
1137,Dairy,4.0
1137,Beverages,4.5
1137,Household,12.0
1137,Personal,9.0
1138,Electronics,60.0
1138,Produce,6.0
1138,Bakery,5.0
1139,Dairy,4.0
1140,Produce,6.0
1141,Household,12.0
1142,Dairy,4.0
1142,Bakery,5.0
1143,Electronics,60.0
1143,Dairy,4.0
1143,Personal,9.0
1144,Electronics,60.0
1144,Frozen,8.0
1144,Snacks,3.5
1145,Snacks,3.5
1145,Beverages,4.5
1145,Produce,6.0
1146,Produce,6.0
1146,Bakery,5.0
1146,Snacks,3.5
1147,Electronics,60.0
1147,Snacks,3.5
1147,Beverages,4.5
1147,Household,12.0
1147,Bakery,5.0
1148,Frozen,8.0
1148,Household,12.0
1148,Dairy,4.0
1148,Bakery,5.0
1149,Dairy,4.0
1149,Personal,9.0
1150,Frozen,8.0
1150,Electronics,60.0
1151,Beverages,4.5
1151,Dairy,4.0
1152,Beverages,4.5
1152,Dairy,4.0
1152,Frozen,8.0
1152,Produce,6.0
1153,Household,12.0
1153,Frozen,8.0
1154,Produce,6.0
1155,Dairy,4.0
1156,Personal,9.0
1156,Beverages,4.5
1156,Household,12.0
1157,Household,12.0
1157,Frozen,8.0
1157,Dairy,4.0
1157,Produce,6.0
1158,Frozen,8.0
1158,Snacks,3.5
1158,Beverages,4.5
1158,Dairy,4.0
1158,Produce,6.0
1159,Personal,9.0
1159,Dairy,4.0
1159,Beverages,4.5
1160,Bakery,5.0
1160,Produce,6.0
1161,Frozen,8.0
1161,Beverages,4.5
1162,Beverages,4.5
1163,Household,12.0
1163,Personal,9.0
1163,Bakery,5.0
1163,Produce,6.0
1164,Beverages,4.5
1164,Electronics,60.0
1165,Dairy,4.0
1165,Beverages,4.5
1166,Dairy,4.0
1167,Bakery,5.0
1168,Bakery,5.0
1168,Household,12.0
1169,Produce,6.0
1169,Frozen,8.0
1169,Snacks,3.5
1170,Produce,6.0
1171,Bakery,5.0
1171,Frozen,8.0
1172,Bakery,5.0
1172,Personal,9.0
1172,Snacks,3.5
1173,Beverages,4.5
1173,Household,12.0
1173,Bakery,5.0
1175,Produce,6.0
1175,Dairy,4.0
1176,Dairy,4.0
1177,Frozen,8.0
1177,Household,12.0
1177,Beverages,4.5
1177,Produce,6.0
1178,Snacks,3.5
1179,Electronics,60.0
1179,Produce,6.0
1179,Snacks,3.5
1181,Bakery,5.0
1182,Beverages,4.5
1182,Dairy,4.0
1183,Beverages,4.5
1183,Produce,6.0
1184,Bakery,5.0
1185,Produce,6.0
1185,Household,12.0
1186,Personal,9.0
1186,Household,12.0
1186,Frozen,8.0
1186,Dairy,4.0
1187,Bakery,5.0
1187,Produce,6.0
1187,Electronics,60.0
1188,Dairy,4.0
1189,Personal,9.0
1189,Beverages,4.5
1190,Beverages,4.5
1190,Snacks,3.5
1191,Dairy,4.0
1191,Electronics,60.0
1191,Personal,9.0
1192,Electronics,60.0
1192,Household,12.0
1192,Produce,6.0
1193,Electronics,60.0
1193,Personal,9.0
1193,Household,12.0
1194,Produce,6.0
1194,Household,12.0
1195,Bakery,5.0
1196,Bakery,5.0
1196,Beverages,4.5
1197,Bakery,5.0
1198,Personal,9.0
1199,Bakery,5.0
1200,Household,12.0
1200,Beverages,4.5
1200,Produce,6.0
1201,Household,12.0
1201,Electronics,60.0
1201,Frozen,8.0
1201,Dairy,4.0
1202,Produce,6.0
1202,Snacks,3.5
1202,Frozen,8.0
1203,Bakery,5.0
1203,Dairy,4.0
1204,Household,12.0
1204,Frozen,8.0
1205,Frozen,8.0
1205,Household,12.0
1205,Beverages,4.5
1205,Personal,9.0
1206,Personal,9.0
1206,Frozen,8.0
1206,Bakery,5.0
1207,Household,12.0
1208,Snacks,3.5
1208,Bakery,5.0
1208,Dairy,4.0
1209,Bakery,5.0
1209,Dairy,4.0
1210,Beverages,4.5
1210,Household,12.0
1211,Household,12.0
1212,Personal,9.0
1212,Produce,6.0
1212,Electronics,60.0
1213,Dairy,4.0
1213,Produce,6.0
1213,Personal,9.0
1214,Household,12.0
1215,Beverages,4.5
1215,Electronics,60.0
1215,Dairy,4.0
1215,Snacks,3.5
1215,Bakery,5.0
1215,Produce,6.0
1216,Household,12.0
1216,Personal,9.0
1216,Dairy,4.0
1216,Produce,6.0
1217,Household,12.0
1217,Snacks,3.5
1218,Personal,9.0
1218,Beverages,4.5
1219,Dairy,4.0
1219,Produce,6.0
1220,Dairy,4.0
1220,Snacks,3.5
1220,Household,12.0
1221,Beverages,4.5
1221,Snacks,3.5
1221,Produce,6.0
1222,Frozen,8.0
1222,Dairy,4.0
1222,Snacks,3.5
1223,Personal,9.0
1223,Beverages,4.5
1223,Produce,6.0
1223,Bakery,5.0
1223,Electronics,60.0
1223,Household,12.0
1224,Dairy,4.0
1224,Frozen,8.0
1225,Beverages,4.5
1225,Household,12.0
1226,Beverages,4.5
1226,Produce,6.0
1226,Dairy,4.0
1227,Dairy,4.0
1227,Personal,9.0
1228,Dairy,4.0
1229,Produce,6.0
1229,Electronics,60.0
1230,Personal,9.0
1230,Beverages,4.5
1230,Household,12.0
1231,Bakery,5.0
1233,Household,12.0
1234,Snacks,3.5
1234,Produce,6.0
1235,Snacks,3.5
1235,Dairy,4.0
1236,Dairy,4.0
1237,Personal,9.0
1237,Beverages,4.5
1238,Personal,9.0
1239,Produce,6.0
1239,Personal,9.0
1239,Dairy,4.0
1240,Frozen,8.0
1240,Bakery,5.0
1241,Household,12.0
1241,Produce,6.0
1241,Beverages,4.5
1242,Personal,9.0
1242,Beverages,4.5
1242,Produce,6.0
1242,Snacks,3.5
1242,Frozen,8.0
1243,Produce,6.0
1243,Dairy,4.0
1243,Personal,9.0
1244,Electronics,60.0
1244,Beverages,4.5
1245,Frozen,8.0
1245,Electronics,60.0
1245,Produce,6.0
1246,Produce,6.0
1247,Frozen,8.0
1248,Bakery,5.0
1249,Dairy,4.0
1249,Household,12.0
1249,Beverages,4.5
1250,Personal,9.0
1250,Household,12.0
1250,Beverages,4.5
1250,Frozen,8.0
1250,Electronics,60.0
1251,Frozen,8.0
1251,Electronics,60.0
1252,Bakery,5.0
1252,Beverages,4.5
1252,Produce,6.0
1252,Electronics,60.0
1252,Dairy,4.0
1253,Dairy,4.0
1253,Snacks,3.5
1255,Personal,9.0
1255,Produce,6.0
1255,Beverages,4.5
1255,Frozen,8.0
1256,Dairy,4.0
1256,Snacks,3.5
1257,Frozen,8.0
1257,Household,12.0
1258,Produce,6.0
1258,Bakery,5.0
1258,Personal,9.0
1259,Household,12.0
1260,Dairy,4.0
1260,Snacks,3.5
1260,Electronics,60.0
1261,Frozen,8.0
1262,Personal,9.0
1262,Bakery,5.0
1262,Beverages,4.5
1262,Dairy,4.0
1262,Produce,6.0
1263,Personal,9.0
1263,Electronics,60.0
1264,Produce,6.0
1264,Bakery,5.0
1265,Frozen,8.0
1266,Household,12.0
1266,Produce,6.0
1266,Beverages,4.5
1267,Personal,9.0
1268,Bakery,5.0
1268,Produce,6.0
1269,Bakery,5.0
1269,Personal,9.0
1270,Produce,6.0
1270,Dairy,4.0
1270,Household,12.0
1271,Produce,6.0
1271,Dairy,4.0
1271,Household,12.0
1271,Bakery,5.0
1272,Electronics,60.0
1273,Personal,9.0
1273,Beverages,4.5
1274,Electronics,60.0
1274,Beverages,4.5
1275,Snacks,3.5
1275,Dairy,4.0
1276,Produce,6.0
1276,Personal,9.0
1276,Beverages,4.5
1277,Snacks,3.5
1277,Bakery,5.0
1278,Produce,6.0
1278,Beverages,4.5
1278,Personal,9.0
1280,Household,12.0
1280,Personal,9.0
1280,Beverages,4.5
1281,Bakery,5.0
1282,Bakery,5.0
1282,Produce,6.0
1282,Frozen,8.0
1283,Beverages,4.5
1284,Household,12.0
1284,Beverages,4.5
1285,Beverages,4.5
1285,Produce,6.0
1286,Dairy,4.0
1287,Bakery,5.0
1287,Produce,6.0
1289,Frozen,8.0
1289,Personal,9.0
1290,Produce,6.0
1290,Frozen,8.0
1290,Electronics,60.0
1290,Bakery,5.0
1291,Dairy,4.0
1291,Frozen,8.0
1291,Produce,6.0
1292,Dairy,4.0
1292,Snacks,3.5
1293,Beverages,4.5
1293,Produce,6.0
1294,Produce,6.0
1294,Dairy,4.0
1295,Snacks,3.5
1295,Personal,9.0
1295,Produce,6.0
1295,Electronics,60.0
1295,Dairy,4.0
1296,Frozen,8.0
1296,Produce,6.0
1297,Household,12.0
1297,Frozen,8.0
1298,Dairy,4.0
1298,Electronics,60.0
1298,Household,12.0
1299,Dairy,4.0
1299,Produce,6.0
1299,Snacks,3.5
1300,Snacks,3.5
1300,Electronics,60.0
1301,Household,12.0
1301,Produce,6.0
1302,Beverages,4.5
1302,Dairy,4.0
1302,Produce,6.0
1303,Dairy,4.0
1303,Frozen,8.0
1303,Beverages,4.5
1303,Snacks,3.5
1304,Bakery,5.0
1305,Produce,6.0
1306,Dairy,4.0
1306,Household,12.0
1306,Produce,6.0
1306,Bakery,5.0
1307,Produce,6.0
1307,Bakery,5.0
1307,Personal,9.0
1307,Electronics,60.0
1308,Beverages,4.5
1309,Electronics,60.0
1309,Household,12.0
1310,Frozen,8.0
1311,Electronics,60.0
1312,Household,12.0
1313,Dairy,4.0
1313,Household,12.0
1313,Snacks,3.5
1314,Personal,9.0
1314,Produce,6.0
1314,Beverages,4.5
1316,Produce,6.0
1316,Beverages,4.5
1317,Household,12.0
1317,Frozen,8.0
1317,Beverages,4.5
1318,Household,12.0
1318,Produce,6.0
1318,Electronics,60.0
1318,Snacks,3.5
1319,Produce,6.0
1320,Beverages,4.5
1321,Personal,9.0
1321,Household,12.0
1321,Produce,6.0
1322,Household,12.0
1322,Produce,6.0
1323,Personal,9.0
1323,Dairy,4.0
1323,Frozen,8.0
1323,Beverages,4.5
1324,Produce,6.0
1325,Snacks,3.5
1325,Produce,6.0
1325,Personal,9.0
1326,Household,12.0
1326,Produce,6.0
1326,Dairy,4.0
1327,Dairy,4.0
1327,Bakery,5.0
1327,Produce,6.0
1328,Bakery,5.0
1329,Bakery,5.0
1330,Frozen,8.0
1331,Dairy,4.0
1331,Personal,9.0
1331,Beverages,4.5
1332,Dairy,4.0
1333,Beverages,4.5
1333,Frozen,8.0
1334,Household,12.0
1334,Produce,6.0
1334,Personal,9.0
1335,Beverages,4.5
1335,Produce,6.0
1336,Beverages,4.5
1336,Household,12.0
1337,Produce,6.0
1337,Frozen,8.0
1338,Electronics,60.0
1338,Bakery,5.0
1338,Frozen,8.0
1338,Dairy,4.0
1338,Personal,9.0
1339,Dairy,4.0
1339,Produce,6.0
1339,Bakery,5.0
1340,Personal,9.0
1341,Dairy,4.0
1342,Electronics,60.0
1342,Snacks,3.5
1343,Household,12.0
1343,Frozen,8.0
1343,Snacks,3.5
1344,Bakery,5.0
1344,Dairy,4.0
1344,Snacks,3.5
1344,Produce,6.0
1345,Beverages,4.5
1345,Dairy,4.0
1345,Frozen,8.0
1345,Personal,9.0
1346,Bakery,5.0
1346,Produce,6.0
1347,Produce,6.0
1347,Beverages,4.5
1348,Dairy,4.0
1348,Household,12.0
1349,Bakery,5.0
1350,Dairy,4.0
1351,Electronics,60.0
1351,Dairy,4.0
1352,Snacks,3.5
1353,Snacks,3.5
1353,Bakery,5.0
1353,Dairy,4.0
1354,Personal,9.0
1354,Dairy,4.0
1355,Dairy,4.0
1355,Electronics,60.0
1356,Bakery,5.0
1356,Produce,6.0
1356,Dairy,4.0
1357,Dairy,4.0
1357,Snacks,3.5
1358,Dairy,4.0
1358,Personal,9.0
1358,Electronics,60.0
1358,Bakery,5.0
1358,Frozen,8.0
1359,Bakery,5.0
1359,Personal,9.0
1360,Household,12.0
1360,Beverages,4.5
1361,Frozen,8.0
1362,Produce,6.0
1362,Beverages,4.5
1363,Electronics,60.0
1363,Personal,9.0
1364,Produce,6.0
1365,Bakery,5.0
1365,Dairy,4.0
1365,Frozen,8.0
1366,Snacks,3.5
1366,Bakery,5.0
1366,Beverages,4.5
1366,Frozen,8.0
1366,Electronics,60.0
1367,Beverages,4.5
1367,Bakery,5.0
1367,Produce,6.0
1368,Frozen,8.0
1368,Beverages,4.5
1368,Electronics,60.0
1369,Snacks,3.5
1370,Beverages,4.5
1371,Dairy,4.0
1371,Personal,9.0
1372,Dairy,4.0
1372,Beverages,4.5
1372,Frozen,8.0
1373,Dairy,4.0
1373,Produce,6.0
1373,Personal,9.0
1374,Household,12.0
1375,Produce,6.0
1375,Beverages,4.5
1375,Frozen,8.0
1375,Dairy,4.0
1375,Household,12.0
1375,Bakery,5.0
1376,Dairy,4.0
1376,Household,12.0
1376,Beverages,4.5
1376,Personal,9.0
1376,Snacks,3.5
1377,Produce,6.0
1377,Personal,9.0
1378,Produce,6.0
1378,Household,12.0
1378,Frozen,8.0
1379,Personal,9.0
1379,Frozen,8.0
1379,Dairy,4.0
1379,Household,12.0
1379,Beverages,4.5
1380,Personal,9.0
1380,Household,12.0
1380,Produce,6.0
1381,Dairy,4.0
1381,Bakery,5.0
1382,Snacks,3.5
1382,Personal,9.0
1382,Dairy,4.0
1382,Bakery,5.0
1383,Beverages,4.5
1383,Produce,6.0
1384,Produce,6.0
1385,Snacks,3.5
1385,Beverages,4.5
1386,Household,12.0
1387,Household,12.0
1387,Frozen,8.0
1387,Snacks,3.5
1388,Personal,9.0
1388,Beverages,4.5
1388,Bakery,5.0
1389,Household,12.0
1389,Frozen,8.0
1390,Dairy,4.0
1390,Bakery,5.0
1390,Personal,9.0
1391,Dairy,4.0
1392,Dairy,4.0
1392,Bakery,5.0
1393,Dairy,4.0
1393,Produce,6.0
1394,Household,12.0
1395,Beverages,4.5
1395,Personal,9.0
1395,Bakery,5.0
1395,Dairy,4.0
1396,Dairy,4.0
1397,Dairy,4.0
1398,Dairy,4.0
1398,Produce,6.0
1399,Frozen,8.0
1400,Bakery,5.0
1400,Household,12.0
1400,Beverages,4.5
1401,Electronics,60.0
1401,Dairy,4.0
1402,Dairy,4.0
1402,Bakery,5.0
1402,Household,12.0
1403,Beverages,4.5
1404,Bakery,5.0
1404,Snacks,3.5
1405,Bakery,5.0
1405,Frozen,8.0
1405,Household,12.0
1406,Frozen,8.0
1406,Personal,9.0
1406,Beverages,4.5
1407,Snacks,3.5
1408,Beverages,4.5
1408,Bakery,5.0
1409,Snacks,3.5
1410,Dairy,4.0
1411,Electronics,60.0
1411,Bakery,5.0
1411,Household,12.0
1411,Beverages,4.5
1412,Snacks,3.5
1413,Personal,9.0
1414,Frozen,8.0
1414,Bakery,5.0
1415,Electronics,60.0
1415,Dairy,4.0
1416,Household,12.0
1418,Bakery,5.0
1419,Snacks,3.5
1420,Dairy,4.0
1421,Bakery,5.0
1421,Frozen,8.0
1422,Dairy,4.0
1422,Personal,9.0
1423,Household,12.0
1423,Beverages,4.5
1424,Dairy,4.0
1424,Bakery,5.0
1424,Snacks,3.5
1425,Produce,6.0
1425,Snacks,3.5
1425,Dairy,4.0
1425,Bakery,5.0
1427,Household,12.0
1427,Dairy,4.0
1427,Electronics,60.0
1428,Frozen,8.0
1428,Bakery,5.0
1429,Dairy,4.0
1430,Beverages,4.5
1430,Personal,9.0
1430,Household,12.0
1431,Dairy,4.0
1431,Bakery,5.0
1431,Produce,6.0
1432,Snacks,3.5
1432,Personal,9.0
1432,Household,12.0
1432,Produce,6.0
1432,Dairy,4.0
1433,Household,12.0
1433,Dairy,4.0
1433,Frozen,8.0
1433,Electronics,60.0
1433,Bakery,5.0
1434,Bakery,5.0
1434,Produce,6.0
1434,Electronics,60.0
1435,Bakery,5.0
1435,Frozen,8.0
1436,Dairy,4.0
1436,Frozen,8.0
1437,Beverages,4.5
1437,Frozen,8.0
1437,Bakery,5.0
1437,Dairy,4.0
1438,Dairy,4.0
1439,Electronics,60.0
1439,Dairy,4.0
1439,Produce,6.0
1439,Personal,9.0
1440,Snacks,3.5
1440,Produce,6.0
1441,Dairy,4.0
1441,Electronics,60.0
1441,Snacks,3.5
1441,Bakery,5.0
1442,Dairy,4.0
1442,Produce,6.0
1443,Snacks,3.5
1444,Dairy,4.0
1444,Produce,6.0
1444,Bakery,5.0
1444,Electronics,60.0
1445,Beverages,4.5
1445,Electronics,60.0
1445,Produce,6.0
1446,Frozen,8.0
1447,Household,12.0
1448,Frozen,8.0
1448,Produce,6.0
1449,Household,12.0
1449,Dairy,4.0
1449,Electronics,60.0
1449,Bakery,5.0
1450,Snacks,3.5
1451,Snacks,3.5
1451,Produce,6.0
1451,Frozen,8.0
1452,Frozen,8.0
1452,Electronics,60.0
1453,Personal,9.0
1453,Bakery,5.0
1453,Household,12.0
1454,Personal,9.0
1454,Dairy,4.0
1455,Beverages,4.5
1455,Dairy,4.0
1456,Produce,6.0
1457,Produce,6.0
1457,Electronics,60.0
1458,Dairy,4.0
1459,Personal,9.0
1460,Beverages,4.5
1461,Household,12.0
1462,Dairy,4.0
1462,Beverages,4.5
1462,Bakery,5.0
1463,Frozen,8.0
1463,Bakery,5.0
1464,Frozen,8.0
1464,Produce,6.0
1465,Household,12.0
1465,Frozen,8.0
1465,Personal,9.0
1465,Produce,6.0
1466,Dairy,4.0
1466,Beverages,4.5
1466,Produce,6.0
1467,Frozen,8.0
1467,Produce,6.0
1468,Produce,6.0
1468,Dairy,4.0
1468,Beverages,4.5
1469,Produce,6.0
1470,Produce,6.0
1471,Produce,6.0
1471,Electronics,60.0
1471,Personal,9.0
1471,Snacks,3.5
1471,Bakery,5.0
1472,Produce,6.0
1472,Personal,9.0
1472,Frozen,8.0
1472,Beverages,4.5
1473,Dairy,4.0
1473,Frozen,8.0
1473,Snacks,3.5
1474,Personal,9.0
1474,Bakery,5.0
1474,Snacks,3.5
1475,Dairy,4.0
1475,Personal,9.0
1476,Frozen,8.0
1477,Electronics,60.0
1477,Beverages,4.5
1478,Dairy,4.0
1478,Beverages,4.5
1478,Personal,9.0
1479,Household,12.0
1480,Bakery,5.0
1480,Produce,6.0
1480,Electronics,60.0
1481,Household,12.0
1482,Bakery,5.0
1482,Produce,6.0
1483,Produce,6.0
1484,Snacks,3.5
1484,Produce,6.0
1485,Beverages,4.5
1486,Frozen,8.0
1486,Produce,6.0
1487,Dairy,4.0
1488,Electronics,60.0
1488,Snacks,3.5
1488,Bakery,5.0
1489,Snacks,3.5
1489,Produce,6.0
1489,Household,12.0
1489,Frozen,8.0
1489,Dairy,4.0
1490,Beverages,4.5
1491,Dairy,4.0
1491,Produce,6.0
1492,Dairy,4.0
1492,Snacks,3.5
1492,Beverages,4.5
1493,Dairy,4.0
1494,Frozen,8.0
1494,Electronics,60.0
1495,Electronics,60.0
1496,Frozen,8.0
1497,Frozen,8.0
1497,Snacks,3.5
1498,Bakery,5.0
1498,Beverages,4.5
1498,Dairy,4.0
1499,Bakery,5.0
1499,Electronics,60.0
